0.34861,-0.78701
1.3035,-1.0886
-0.067487,0.032684
-1.3075,1.993
-0.76084,-0.92133
-0.0321,0.24135
-0.77084,-1.2472
-1.0949,-0.2535
-0.82251,-2.1004
0.43029,0.28029
-2.038,-0.76028
0.72936,0.50522
0.32947,-0.37642
1.3526,0.35379
-0.67913,-2.3011
1.1421,-0.81245
-2,-2.4214
-0.69706,-0.93567
-0.6976,-1.4347
-0.15461,-0.30237
0.28718,0.46762
1.2133,0.55643
0.24617,1.2328
-0.067215,1.1482
1.452,-0.8023
-1.4884,-0.27714
1.4266,0.44261
-0.97283,-0.10292
-0.99031,1.9974
1.3831,2.1033
1.0422,2.0727
1.3444,2.1845
-0.30085,-0.03729
0.74855,-2.7391
-0.5059,-0.62431
-2.3958,-0.69878
1.4001,-0.49071
1.1752,-0.092958
-0.50856,0.89976
0.65321,-0.12058
0.67788,0.77823
-0.59008,-0.083788
1.1554,1.553
1.1103,0.94382
-0.69244,-0.25759
0.72282,-0.93035
-2.5393,0.622
0.48478,0.85562
-0.97757,1.717
2.0003,0.41021
-0.24265,-2.2191
-1.8851,0.14812
0.69707,-1.3354
1.5957,-0.10948
-0.74987,1.2549
-0.92776,0.46146
-1.1377,0.74417
2.166,0.63688
0.57252,-2.2162
-1.1083,-0.91842
-0.12329,-0.36993
-1.622,-0.80156
-0.54525,-0.70941
0.72303,0.50251
-0.32357,-0.43194
-0.85251,0.53617
-1.6579,0.12752
-0.63102,-0.64176
0.032191,-1.4972
-2.2388,0.644
0.83068,-0.40391
-0.82799,1.645
-0.87787,-0.1628
-1.5407,-0.81398
0.99581,-1.4558
-0.11856,-0.61059
-1.5848,-0.081693
-0.13951,0.85726
0.026291,1.901
-0.20186,0.36091
-0.67898,-1.4761
0.73967,1.1734
-0.1989,-0.42022
-1.902,-0.016398
-1.0181,-0.2343
-2.1986,-0.14872
-1.4179,1.208
-0.7758,-1.6022
-0.51212,0.064287
-0.19621,-1.1537
-0.48161,2.4829
2.7468,-1.2824
0.50309,-0.39389
0.017985,2.2029
-0.86581,0.73853
0.98415,-0.26177
0.044258,-1.4067
-0.18938,-0.62446
1.9924,0.30542
-2.5076,0.45785
-0.98842,0.47087
-0.60514,1.3941
0.3723,-1.1023
0.5116,0.92677
0.10436,0.11524
-0.97384,2.4155
-1.2737,-0.10955
-2.063,0.9781
-1.1182,0.60156
0.88041,-0.14073
0.98119,-0.22702
2.2704,1.3198
-0.7794,-0.66379
1.213,0.055324
-0.88621,-1.093
2.0938,-1.7651
0.43836,0.651
0.55349,-1.146
1.3592,-0.27224
-0.35664,0.16157
-2.1274,-0.24971
0.17577,-0.2786
0.42456,0.27698
0.35524,-0.70779
1.6836,-0.12382
0.1376,-0.25406
0.60003,0.11485
0.21897,2.1438
0.29707,-1.2708
1.4819,-0.025438
-1.0843,0.18806
-1.0929,-0.23638
-0.020297,0.61007
-0.44645,0.0089128
-1.1217,1.2526
-1.3834,-0.15355
-0.50566,0.63836
-0.79921,-0.32997
-0.40499,0.41587
0.76061,-0.59778
1.0636,-0.98586
-0.51879,-0.75383
-1.1232,-0.056447
-1.6353,-1.0636
1.4322,-0.35131
-0.73464,0.8366
-0.94785,1.4385
-0.39034,-1.4822
0.87334,1.6942
-1.2888,1.2746
0.099565,-0.36296
0.90761,2.0478
0.027209,-0.37064
0.22072,-1.4039
0.29712,-0.74362
0.32007,0.019242
0.42973,-0.14512
-0.38183,-1.3521
-0.15908,-0.72664
0.40178,-0.30731
0.93433,0.61986
0.30882,-0.47917
0.59744,0.074748
0.39146,-1.6125
0.25704,0.77618
0.16329,0.098763
-1.2872,1.9399
0.6261,-1.1143
1.5051,1.2082
-0.28441,0.29841
-1.6436,1.1605
-0.8152,-0.127
0.40443,0.80173
1.2614,-0.67732
0.20536,-1.0855
-1.4551,0.26911
0.29896,-0.46209
-0.040885,-0.50826
-0.71394,-0.09669
1.8257,0.40153
-0.72921,-0.89807
0.49731,-0.5982
-1.1014,-1.2261
2.1186,0.031013
-0.2217,0.59836
-0.66575,0.79539
-0.56959,1.1055
-1.1227,1.5941
-0.69614,-1.0472
-0.64771,0.46241
-0.69554,0.82666
-0.85364,2.0599
0.94581,-1.8751
-0.055749,0.87948
-2.5773,-0.45305
0.85589,-0.82544
1.1195,-2.1179
0.24804,0.13299
1.2691,-0.75751
-0.57476,-0.53603
1.0688,0.060151
-0.20056,0.93995
1.4273,-0.15905
-2.7888,-0.43009
0.4107,0.26214
1.0793,-0.66094
0.93492,-1.0511
-0.12918,-0.24249
-0.45636,0.14987
1.9452,0.1825
0.34419,-0.52641
0.44254,0.7869
0.33179,0.044263
0.60593,0.96279
0.10228,-0.73559
1.3812,-0.088788
0.81748,1.1129
-1.1195,1.8967
-0.13558,1.8606
0.7274,-0.4601
-0.59112,0.4127
-0.25289,0.33979
-0.74888,-0.30307
0.53007,0.043115
0.24165,-2.1624
0.30399,-0.51307
-0.18285,-1.2053
-0.72458,0.021539
0.065845,0.5186
-0.13917,-0.20585
1.2268,1.314
1.2855,1.9465
0.88114,0.99986
-1.4922,2.0396
-0.30123,-1.1872
0.025109,-0.35087
0.54649,0.48714
0.40906,1.3466
1.0767,0.026271
0.43827,0.84517
-0.25224,2.6225
-0.0093804,-0.38993
-0.080538,-0.061344
0.44067,0.29163
0.91306,-0.76612
1.2268,0.09148
0.91603,-1.1738
1.3805,1.013
0.12445,-1.3919
-0.86102,-0.6417
0.23556,0.16075
-0.5412,-0.34209
0.0025567,-0.19488
0.81252,-0.3957
0.97383,0.80814
0.11476,-0.98723
1.3761,0.2399
-1.404,-0.62876
-0.57393,0.73481
1.0291,0.7983
-0.25258,-1.838
-0.42717,0.1104
-1.2329,-0.40555
0.44174,-1.4728
-0.97984,0.71466
-1.2851,-0.009553
-0.053044,0.70733
0.46661,-0.90183
-0.012342,-0.002063
-0.3277,0.080932
-0.95639,-0.98591
-1.0012,-0.43114
1.7966,0.15182
0.37369,-2.7947
-0.045397,1.3875
-0.53268,0.87582
0.012841,-0.36018
1.2286,-1.9512
1.275,1.2364
-1.1201,-0.11793
0.0049268,-0.41985
-0.09728,-1.7558
-0.65604,0.19368
0.17082,0.14427
-1.2508,1.4886
-2.0145,-0.71228
0.71358,0.0078761
-0.93946,-0.0196
-0.26793,0.33414
-0.19141,0.51361
-0.88202,-0.3952
0.4399,1.1903
1.4278,-0.016611
1.5346,-0.742
-1.4909,-0.76446
0.47507,1.6949
1.0465,-2.0426
1.1546,0.43802
0.58349,-0.38724
1.0735,0.53813
-2.0052,-0.95053
0.24862,-1.3149
0.71113,1.2707
0.25974,-0.44365
0.31696,1.393
1.207,0.17135
-0.47909,-1.051
-0.20256,0.22153
0.33171,0.63166
-0.46263,-0.21138
-0.48847,-1.6968
-0.35811,-0.65781
0.17935,-0.17737
-0.41959,-1.2378
-0.0088117,1.141
-1.6273,1.3382
-0.85846,0.49204
0.21088,-1.5661
0.90531,-1.8699
0.41187,0.10631
-0.1481,-0.14335
-0.48997,-0.68863
-1.0256,1.5721
-0.1672,0.11355
-0.54329,-0.78876
0.98187,0.56926
-1.3966,-0.39989
0.55858,-1.4351
0.2387,0.57651
-0.82985,1.2013
-1.6439,-0.027109
-1.1518,-0.42857
1.48,-0.45951
1.7361,-0.16327
-0.18153,-0.46874
0.7716,-1.1942
-0.93544,0.98857
2.0024,0.40043
-1.2334,-0.022415
0.45697,0.47431
-0.42191,-0.69211
-0.56731,0.2601
0.42189,0.73701
0.1378,0.52536
-0.25645,0.63417
0.079953,-1.1836
-1.3375,0.48977
0.40998,-0.058709
-0.42704,-0.49518
1.0498,0.66373
-1.2467,-0.96405
0.96517,-0.30054
-1.138,0.18435
0.33776,-0.717
-0.11506,0.060764
-1.2943,1.1328
1.055,2.6001
0.24155,-0.19308
1.0341,0.45119
-0.50083,1.1919
1.5758,-0.81396
0.81042,0.38783
2.7527,-0.44904
0.20125,-0.97951
0.68957,-1.6957
0.22285,0.96661
-0.84083,0.13617
-1.9292,-0.28014
-0.39115,1.9155
1.8396,1.1534
0.071756,0.28221
-0.32453,0.98434
-1.8085,-1.6309
-1.5548,-1.5424
0.86494,1.7661
0.36929,1.2049
-0.96474,-0.26705
0.82446,0.65044
-1.6555,-0.39985
-0.83781,1.8762
1.2723,0.35744
0.48095,0.11565
0.27185,2.9857
-0.23675,-0.32182
-2.69,0.35577
0.076853,1.3188
-0.65443,0.57225
1.5735,0.32324
-1.1403,0.54467
-0.53214,0.24387
1.8701,0.12251
1.9422,0.12362
0.28167,-0.65992
-0.043942,1.5692
2.5676,-1.4266
-0.056663,0.11086
-0.63426,0.83525
-0.32557,-1.2805
0.0087361,-0.69762
0.33187,-0.36151
-0.69402,1.8827
0.21394,0.76392
-2.0447,0.82171
0.60943,0.59166
-0.56576,-0.75364
-1.7364,-0.20375
0.10188,0.17557
0.085626,-0.18297
-2.8339,-0.22885
0.16579,1.3405
0.62194,-1.9906
1.8494,0.63238
-0.61408,-0.29579
0.50198,0.42067
0.58328,1.1803
-0.57739,-0.34268
-1.3788,-0.50706
3.1185,0.35509
-0.19851,0.67488
0.34092,0.82917
-0.38468,-0.11941
-0.32869,0.44419
-1.5492,-1.2508
-0.94018,-0.056384
0.065378,0.75525
0.63828,-0.41898
-0.64941,0.93362
-1.4637,-0.74028
0.018747,1.2236
0.56182,-0.95149
-0.74742,2.5584
-2.102,0.15121
1.0996,0.18962
-0.28715,0.86461
0.26457,-0.31048
0.068807,0.21253
-0.73,0.48051
0.12013,-0.2036
0.15407,0.42226
-0.5386,-0.49631
0.25459,-0.45238
-1.5947,0.073173
-2.0922,-0.19234
0.72285,0.46234
-0.12387,-0.47925
0.17145,-0.32563
-0.02145,-2.2423
-0.52501,0.65985
-0.95099,0.83642
0.9055,0.12872
1.2212,0.05985
1.4958,-0.76026
-1.2545,0.0055165
0.8545,1.3506
2.3428,-0.82752
-0.42416,1.1378
0.1633,0.54636
0.1269,0.81614
0.60286,-0.23999
-1.3229,-2.0947
0.45187,0.56723
1.281,0.15734
1.3879,-1.5001
0.72879,-2.2499
-1.9504,1.4139
1.4976,-0.87352
0.12767,-0.18628
-0.72448,0.47554
-1.2954,-0.057718
-0.29276,2.001
-0.52992,-0.74129
-0.78745,1.3316
0.12081,0.0083933
1.2942,0.046647
-0.26692,-0.27522
-0.93163,-0.31293
-0.30601,-1.083
0.84195,0.4837
-1.5951,1.8019
-1.5862,2.1471
0.49599,-0.54763
0.14276,0.65259
0.54363,-0.2379
0.4332,-1.0476
1.2949,0.19203
0.17322,-0.41662
-0.99013,0.66459
-0.8385,0.74241
-0.91465,1.7573
0.22507,0.71608
0.19069,1.2635
0.32904,-0.51873
-0.74656,-1.512
-1.2763,0.75021
-0.85486,0.6318
1.535,-0.25304
-2.4717,1.2042
0.35806,-0.37312
0.74401,2.2177
-1.3754,0.82087
-0.68283,-1.5462
0.11401,-1.604
0.18294,0.20082
-0.73867,-0.66942
-0.2672,-0.80168
0.51805,-0.13168
1.9047,-0.30357
0.2723,-1.2447
0.59412,-0.16733
-1.2158,-1.5086
-0.82869,0.68226
-0.85795,-1.3604
-0.95055,-0.39341
2.2718,0.21249
0.68755,0.70592
0.33873,1.5602
0.37812,0.94388
-0.78192,1.677
0.052185,-1.8584
0.91392,-0.29495
-0.379,0.10794
-0.064213,-0.86925
0.49214,-0.65851
-1.3854,1.2324
-0.40417,-0.43845
-1.4843,-0.46171
-0.49643,-1.7531
-0.31397,-0.31599
-0.79927,-0.094261
0.10543,-1.6316
0.074577,0.46017
-1.3568,-0.55906
-1.1502,1.2247
-0.38428,-2.2867
1.2021,-0.82028
-1.9505,0.78773
-0.0010072,1.1966
0.77949,-1.324
-0.37592,-1.2271
1.9022,-0.57553
0.2717,-0.082952
1.5408,0.7324
-1.005,-0.94662
-0.64607,0.082445
-1.8029,0.24799
-0.03829,1.2009
0.35332,-1.4627
0.49853,0.10024
1.5121,0.13586
-0.028706,-0.33446
-1.022,-1.9061
0.20359,0.93065
-1.1812,1.101
1.3843,-0.40582
-1.5244,-0.60799
-1.89,-0.78649
-1.2493,0.54948
1.2399,-0.92832
2.1839,1.4534
0.77044,-0.25748
0.043516,0.98895
-2.279,-0.056447
-0.2491,1.0662
1.0719,-0.84317
-0.66403,1.7068
-0.16805,-1.1183
0.011161,2.4047
-1.0264,-0.37313
0.90213,0.18088
0.42641,0.21219
0.51813,1.5121
0.83973,0.33034
-1.2274,-0.58772
0.19199,-0.026759
-1.4845,0.89522
-0.30078,-0.25258
0.57002,-0.1984
1.6417,0.26204
1.5032,0.40966
0.58067,0.78493
0.21707,1.8618
-0.71309,-1.2618
0.55998,0.50974
0.35154,0.97068
-0.38418,-1.6297
0.15503,0.31717
0.97671,0.20584
0.29116,0.00094851
1.5106,1.3154
-2.2958,1.5756
0.52397,0.44412
-1.0579,0.43894
2.0811,1.5735
-1.8519,0.90453
0.66699,-1.7308
-0.36801,-0.17873
0.0085276,-0.49919
1.6558,-0.34196
-0.53844,-1.6732
1.0039,-0.17405
-0.54242,-1.9906
-1.3483,-0.44795
0.83184,1.329
0.94054,0.65788
0.05237,-0.021964
-0.97579,-0.98167
0.798,0.34481
-0.63678,0.22214
1.2192,-0.61207
-0.66769,-0.11446
0.98042,-0.046159
-3.1753,1.2335
2.9316,-1.2657
0.56507,1.0104
0.57058,0.37608
0.25642,-0.24162
0.76728,-0.51285
1.0774,0.43493
0.12202,-0.35061
-0.46364,0.30364
0.81761,-1.5054
-0.93748,0.092917
0.1557,-0.92906
-0.36538,-0.82369
-0.13554,0.83144
0.28452,0.53204
0.047012,-0.10814
-1.1869,-0.34658
-0.15854,0.35322
-0.37948,-0.51729
-0.23464,1.3881
-2.0331,-1.0487
0.71302,1.0278
-0.038325,0.48395
1.009,1.0294
-2.5084,-0.46258
1.162,0.68686
1.4347,1.5271
-0.14044,1.1094
-0.56861,1.2058
1.3753,-0.12418
-2.1863,-0.62902
-1.0896,-0.46912
-0.74626,-0.78929
-0.39187,1.4923
-1.6551,0.43859
1.0948,-1.0064
1.7074,0.1179
-1.0555,-0.4298
-1.9684,-0.72126
0.44866,0.29946
-1.7564,0.58045
0.010172,0.74858
0.76375,0.10601
-2.0393,0.90935
-0.47809,-0.20479
-0.67565,-0.24285
-3.2706,-0.55612
2.5109,0.11714
0.0341,-0.78893
0.05736,-0.51386
0.051411,-0.33195
-0.51111,0.12324
0.086034,-0.83155
1.4247,-0.47558
-0.64035,-0.56835
-1.0009,1.0888
0.26556,0.56752
-1.1524,0.020133
0.29312,-0.016373
-0.26532,0.17506
1.5704,0.44649
-0.37823,-1.4484
1.9657,-0.1628
0.61254,-1.15
1.6518,-3.237
1.3101,0.61554
-1.889,-0.42546
0.21265,0.77859
0.91213,1.5004
0.71098,-0.050504
1.7888,0.65868
-0.68233,0.53203
-0.3564,1.0183
1.0603,0.18199
-0.23613,0.52442
-1.5105,-1.2679
1.1847,0.6099
1.4175,0.074627
-0.65585,0.87444
-0.82516,-1.5946
-0.11314,0.95803
0.24114,-0.40025
-0.052916,0.4424
-0.26912,-0.44814
-0.83267,1.7608
-0.8599,0.97675
-1.2299,-1.045
-2.4455,-0.80083
-0.92739,0.33131
0.97261,-0.063816
1.3429,0.259
-0.792,-0.14418
1.8274,-0.93379
1.4518,-0.66096
0.46833,-0.015273
-0.46364,0.31019
-0.64101,0.3694
-1.2543,0.45709
-0.99153,0.5579
-0.28959,1.8492
-1.6611,0.26392
-0.73443,-0.02466
-1.3041,-0.23928
0.4922,-0.073039
-1.1561,0.067073
-1.5778,0.054826
-0.079404,-2.6071
-1.2579,-0.41357
0.093394,-0.082663
0.26139,0.10303
-1.7055,-0.10371
0.27895,0.11634
-1.6517,0.12192
-0.6238,1.248
-2.0679,-0.085132
0.22244,-2.7284
0.40432,0.21309
0.24498,2.5682
-0.89652,1.7034
0.36174,-0.1495
-0.15031,-0.44697
0.082934,0.2559
1.6598,1.661
1.3216,0.60144
-0.59166,0.73956
0.15716,0.053054
-0.50886,0.25216
1.2169,-1.5902
-0.11383,-0.33478
-1.9172,-1.2608
0.60204,0.32489
-0.70969,-0.0573
-1.7494,0.46053
-0.047003,0.63268
-1.2776,-0.41699
0.10829,1.4388
-1.2577,-0.47486
0.97685,0.69621
-0.30351,-1.2536
0.72079,-0.72257
-0.72677,0.096335
-0.0092922,-0.51282
0.66035,-0.2429
0.14406,-0.8917
2.1975,-1.6664
-1.0247,1.914
0.46874,0.49731
0.76636,1.7015
-1.0289,0.41561
-1.4048,0.34551
-0.36792,-0.94807
0.41864,0.1008
0.7733,-1.0656
1.3059,-1.0996
1.3017,0.54297
-0.088788,-0.1695
0.83866,-0.56485
-0.91241,-1.3018
-1.7926,-0.44082
0.32351,-0.2587
-0.61629,0.68013
-0.11761,1.2631
0.47936,-1.2267
0.61008,1.0327
-0.39544,1.7992
0.2867,-0.65717
-1.4089,0.064627
0.69106,0.89322
-0.66749,-0.88185
-0.076474,1.3607
0.27462,1.1227
-1.6155,-0.34707
0.062278,0.19191
-1.6685,-0.78885
-1.1558,0.90489
-0.19937,-3.1152
-0.11827,-0.47506
-1.9747,0.38827
-0.80989,0.40056
-0.292,-0.60595
0.30593,0.52695
0.60889,-1.186
-2.2096,0.31389
-0.15513,0.61155
1.6664,1.5203
0.85478,0.86565
0.26594,-1.5611
0.75343,-0.7906
-0.19557,0.87419
0.20638,0.1484
1.0616,-0.95986
-0.54991,-0.63224
-0.34614,-1.5101
0.93208,0.1706
-1.1456,-0.48749
-0.52535,-0.72634
0.45037,-0.14515
0.35247,0.82537
1.3729,-0.55291
0.49006,0.43679
0.54786,-1.1601
0.14037,1.1958
0.023522,-1.2808
1.0505,1.5919
2.4253,0.40127
1.1402,1.4288
0.015957,-0.30122
0.077717,0.13562
2.4746,0.25812
0.17122,0.70724
-0.004184,0.087042
1.4463,1.1633
-0.22047,0.096868
1.2813,-0.55764
-0.18986,-0.012755
-0.40408,-0.043357
-0.21652,1.5719
0.47177,-0.081026
-0.48778,0.21597
0.43571,0.19746
0.94023,0.54468
0.56098,-0.67414
1.2916,-0.31603
0.88455,0.3482
0.092984,0.59579
1.5119,1.1309
-0.1578,0.62809
-1.8242,0.56728
0.58371,0.57391
1.2885,0.54755
0.48745,0.54955
-0.69034,-1.7681
-1.1269,-0.49675
0.080582,-1.1826
0.28465,-0.14774
-2.1971,-0.48297
0.83757,-0.78094
-2.0742,0.45736
-0.40399,0.17966
0.33601,-0.93574
0.64207,-0.64413
0.1748,1.3543
0.3028,-1.4567
1.347,0.50221
1.3163,0.36317
-0.28419,-0.041245
1.1279,0.66459
0.89963,1.2748
1.1059,0.34352
-1.2461,1.7854
-1.1204,-0.0097925
-0.54157,0.51749
-0.072978,-1.3793
-0.86661,-0.88077
0.23417,-1.2945
-0.66347,-0.8466
1.2323,-0.1799
1.1458,0.51992
-0.33322,0.96283
-0.14242,-0.54589
0.4111,0.14893
0.24054,0.93038
-0.14226,0.48209
-0.91941,-0.22461
-0.19109,-0.4681
0.42771,0.83326
0.61072,-2.0241
0.76871,1.1156
0.60782,0.53359
-0.8019,-0.64823
-0.72016,0.43516
1.0837,0.89078
-0.11689,-1.439
-0.65697,0.15841
0.036499,0.48436
-0.33067,0.023236
0.67663,-1.4698
1.2947,1.8535
-0.86407,-0.075217
1.0456,-0.38645
0.9257,-1.0924
-1.3927,-1.7964
-0.57937,1.2274
1.1052,1.3894
0.76778,0.40888
0.67671,1.0816
-0.052808,0.8958
0.0050252,-0.86515
0.7828,0.60527
-1.8985,-0.26602
0.20011,-0.86813
0.66861,-0.043804
-0.94863,-1.0685
-0.13321,-0.63785
0.40022,-0.32813
-1.2796,-0.54629
-1.016,0.42107
0.11809,1.5017
-1.7206,-0.93849
1.4707,-0.636
0.58041,0.56921
-0.53742,-0.75994
-0.33257,-0.071312
-0.66334,1.072
0.82806,-0.47291
-0.45989,1.1902
0.79407,-0.15454
1.0389,2.7073
1.0292,1.1687
-2.0446,1.3526
-0.98632,1.6349
0.17126,0.45546
0.94337,0.14114
-0.12251,-0.62491
0.037816,-1.6305
2.0089,0.073828
-1.0133,-0.94703
1.3481,-0.2467
0.98135,-1.9677
0.24843,-2.2029
1.5761,-1.2394
0.20327,-1.2023
-1.1991,-1.5045
1.0077,-2.0844
0.68283,0.50579
0.19561,0.39007
0.4523,-0.37443
-1.0073,-0.40505
-0.96242,0.24012
-0.8164,-0.75045
1.7219,0.33465
1.014,-0.23863
-2.3875,-0.99697
0.65101,0.60823
-1.3341,-1.7907
1.6079,-0.020258
-0.81424,-0.37516
1.9344,-1.2894
-0.55623,0.83311
0.72242,-0.32975
-0.33347,0.078939
0.26911,-2.2787
-0.5677,-0.69144
-0.23117,0.033083
-0.95134,-0.094377
1.4344,0.69295
-1.9445,0.22125
1.2479,1.5076
0.21291,1.5212
-0.094919,-0.54002
-0.90029,-0.42644
0.14265,0.5822
1.7916,-1.014
-1.5075,1.547
-0.80127,-0.91063
0.043759,0.24906
-0.73734,-1.6329
0.55234,-0.46962
-1.2062,-1.1313
0.8481,0.21771
2.5248,-0.054132
-2.8128,0.50435
0.14757,-0.98332
-0.30436,-1.1474
-0.060476,-2.2473
0.37803,-1.0256
-0.58303,1.0909
-1.5384,-1.6491
-0.38704,0.67048
-0.4233,2.5778
-2.2789,-2.2236
2.0352,0.49894
-1.7337,0.99715
-0.82116,0.60038
-0.031523,-0.94285
0.020266,-1.0543
-1.1712,-0.0041736
-1.9091,0.85631
0.06983,-1.1624
-0.55925,-0.30887
0.78849,0.18481
-1.0064,-1.1637
0.70735,0.22634
0.024313,0.76337
-0.28258,0.27147
1.1693,-1.3578
0.30829,-0.093345
-0.61799,-0.87268
-1.4768,-1.2495
3.1699,0.019917
3.1186,0.039191
2.8705,0.054114
2.9253,0.073535
3.1407,0.098702
2.9779,0.11232
2.9019,0.12771
3.1009,0.156
3.1677,0.17932
2.9883,0.18801
3.0952,0.21427
2.9666,0.2241
2.8359,0.23216
2.9126,0.25687
2.922,0.27621
2.8721,0.28972
3.1934,0.3424
2.7874,0.3166
2.8701,0.34427
3.0021,0.37926
2.9858,0.39627
2.8913,0.40223
2.9444,0.4285
3.1123,0.47292
3.0825,0.48822
2.9378,0.48424
3.1284,0.53588
2.9357,0.52187
3.0159,0.5557
3.129,0.59689
3.1248,0.61647
2.9061,0.59231
3.0389,0.63928
2.9745,0.64529
3.0512,0.68202
2.8897,0.66502
2.9204,0.69142
2.9132,0.70908
2.9923,0.74829
3.0563,0.78472
3.0425,0.80159
2.8128,0.76
3.0676,0.84958
3.0067,0.85308
2.9572,0.85916
3.0449,0.90541
2.9604,0.90057
2.7871,0.86701
2.8333,0.90095
2.8388,0.92237
2.8971,0.96148
2.823,0.95663
2.842,0.98303
2.9184,1.03
2.829,1.0185
2.8343,1.0406
2.6657,0.99773
2.8222,1.0766
2.7918,1.0851
2.7308,1.0812
2.8054,1.1312
2.7434,1.1263
2.7451,1.1472
2.7656,1.1762
2.8443,1.2308
2.7945,1.2302
2.8573,1.2793
2.6346,1.1996
2.8414,1.3153
2.7027,1.2718
2.8047,1.3414
2.598,1.2626
2.7076,1.337
2.8488,1.4291
2.6365,1.3434
2.786,1.4417
2.5146,1.3213
2.5427,1.3566
2.4571,1.3308
2.509,1.3793
2.6913,1.5017
2.5362,1.4361
2.6617,1.5293
2.679,1.5617
2.5051,1.4815
2.5502,1.5299
2.596,1.5797
2.3979,1.4798
2.5767,1.6126
2.5187,1.5984
2.6081,1.6782
2.545,1.6603
2.501,1.6541
2.5955,1.7402
2.5159,1.7098
2.5266,1.7404
2.4153,1.6862
2.3288,1.6477
2.3242,1.6664
2.5112,1.8245
2.3525,1.7319
2.4031,1.7925
2.334,1.7639
2.3952,1.8339
2.4525,1.9024
2.2934,1.8022
2.3284,1.8534
2.1732,1.7523
2.2739,1.8572
2.1897,1.8114
2.3768,1.9916
2.222,1.8857
2.3286,2.0015
2.3983,2.0878
2.1863,1.9275
2.1266,1.8987
2.2073,1.9958
2.2313,2.0432
2.3855,2.2121
2.0669,1.9409
2.2442,2.1342
2.1804,2.0997
2.2031,2.1484
2.1381,2.1114
2.0612,2.0612
2.0937,2.1202
2.0748,2.1276
2.1086,2.1896
2.0725,2.1794
2.1431,2.2822
2.0296,2.1887
2.1016,2.2951
1.9861,2.1965
2.0256,2.2687
2.0108,2.2808
2.0315,2.3337
1.9423,2.2597
1.9026,2.2419
1.9958,2.3819
1.9187,2.3193
1.9058,2.3334
1.8686,2.3174
1.8021,2.264
1.8459,2.3491
1.9281,2.4857
1.928,2.5181
1.8499,2.4478
1.8126,2.43
1.931,2.6229
1.7479,2.4057
1.7832,2.4871
1.659,2.3448
1.7778,2.5465
1.7237,2.5024
1.6974,2.4977
1.7101,2.5506
1.7543,2.6525
1.6262,2.4927
1.6634,2.5851
1.6738,2.6374
1.588,2.5374
1.506,2.4403
1.6027,2.6338
1.5235,2.5395
1.5413,2.6061
1.5225,2.6118
1.4677,2.5545
1.4392,2.5418
1.4222,2.5489
1.4886,2.7077
1.4374,2.654
1.3447,2.5204
1.4193,2.7011
1.3556,2.6198
1.4029,2.7534
1.2971,2.5857
1.3441,2.722
1.326,2.7284
1.3522,2.8273
1.2727,2.7047
1.2331,2.6637
1.2606,2.7687
1.2325,2.7528
1.1921,2.708
1.1428,2.6408
1.1711,2.7536
1.079,2.5821
1.1908,2.9006
1.0794,2.6769
1.0913,2.7564
1.0684,2.7487
1.0217,2.6783
1.0469,2.797
1.0484,2.8555
1.0898,3.0271
0.97222,2.7546
1.0281,2.9724
0.96092,2.8357
0.87906,2.6487
0.88493,2.7235
0.92361,2.9045
0.86844,2.7917
0.8295,2.7268
0.89036,2.9943
0.83516,2.8746
0.81242,2.8634
0.80168,2.8947
0.79446,2.9403
0.75768,2.8758
0.7312,2.8478
0.72892,2.9149
0.70684,2.904
0.71241,3.009
0.71711,3.1161
0.65887,2.9476
0.6575,3.0308
0.64132,3.0485
0.60352,2.9611
0.6107,3.0956
0.55959,2.9335
0.55125,2.9917
0.53367,3.0021
0.48609,2.8378
0.49536,3.0053
0.47239,2.9826
0.45886,3.0198
0.44844,3.0815
0.40944,2.9431
0.39228,2.9558
0.38587,3.0545
0.35819,2.9861
0.34461,3.034
0.31545,2.942
0.27973,2.7732
0.28523,3.0174
0.27141,3.0774
0.24695,3.0166
0.22827,3.0217
0.19499,2.8167
0.1912,3.0391
0.16561,2.9255
0.14897,2.9613
0.12827,2.9146
0.10851,2.8769
0.10105,3.2155
0.070678,2.8116
0.058192,3.0868
0.037521,2.9857
0.018606,2.9613
1.8211e-16,2.974
-0.018112,2.8825
-0.036992,2.9436
-0.055005,2.9178
-0.07272,2.8928
-0.097439,3.1005
-0.11312,2.999
-0.13555,3.08
-0.15281,3.0374
-0.1742,3.0772
-0.18434,2.93
-0.21064,3.0428
-0.23228,3.0749
-0.24501,2.9929
-0.26737,3.0317
-0.27549,2.9144
-0.30241,2.998
-0.31873,2.9726
-0.34282,3.0183
-0.36671,3.0571
-0.3805,3.012
-0.3818,2.8768
-0.42259,3.0376
-0.42561,2.9246
-0.46933,3.0887
-0.44887,2.8341
-0.51161,3.1038
-0.49993,2.9186
-0.54382,3.0592
-0.51153,2.7762
-0.57942,3.0374
-0.5557,2.8168
-0.59826,2.9353
-0.64411,3.0618
-0.63261,2.9161
-0.65058,2.9105
-0.69887,3.0368
-0.67558,2.8535
-0.71367,2.932
-0.74609,2.9835
-0.7478,2.9125
-0.77424,2.9387
-0.76476,2.8304
-0.8207,2.9634
-0.81867,2.8854
-0.83438,2.872
-0.82981,2.7907
-0.88325,2.9035
-0.89445,2.8753
-0.93932,2.9539
-0.89095,2.742
-0.85937,2.5894
-0.9807,2.894
-0.99301,2.8709
-1.0007,2.8354
-0.99605,2.7666
-1.0392,2.8307
-1.0336,2.7616
-1.0674,2.7982
-1.0904,2.8055
-1.1035,2.7871
-1.1116,2.7569
-1.0695,2.6051
-1.1385,2.7243
-1.1894,2.7966
-1.1668,2.6964
-1.1838,2.689
-1.1925,2.6634
-1.2337,2.7095
-1.2419,2.6829
-1.2459,2.6478
-1.1936,2.4957
-1.3712,2.8213
-1.3753,2.7851
-1.4013,2.7934
-1.3934,2.7347
-1.3521,2.6129
-1.4411,2.7426
-1.3868,2.5995
-1.4319,2.6439
-1.5084,2.7437
-1.4704,2.6353
-1.4389,2.5412
-1.3788,2.3998
-1.4667,2.5161
-1.582,2.6751
-1.6309,2.7185
-1.6326,2.683
-1.5543,2.5186
-1.5377,2.457
-1.6082,2.5342
-1.573,2.4446
-1.6356,2.5071
-1.6368,2.4748
-1.7086,2.5485
-1.6557,2.4363
-1.7491,2.5393
-1.7744,2.5416
-1.7423,2.4625
-1.766,2.4632
-1.7582,2.4199
-1.7887,2.4296
-1.9337,2.5923
-1.8952,2.5077
-1.8713,2.444
-1.7633,2.2732
-1.8755,2.3868
-1.8388,2.31
-1.7522,2.1731
-1.84,2.2529
-1.8806,2.2732
-1.9032,2.2714
-1.8624,2.1946
-1.9607,2.2811
-1.9765,2.2705
-2.0452,2.3198
-2.088,2.3386
-2.0504,2.2677
-2.1839,2.385
-2.0084,2.1659
-1.9813,2.1099
-2.2198,2.3343
-2.0655,2.1449
-2.0876,2.1408
-2.0191,2.0447
-2.0692,2.0692
-2.1937,2.1663
-2.1713,2.1174
-2.2294,2.1469
-2.2095,2.1011
-2.1781,2.0453
-2.1647,2.0073
-2.2056,2.0197
-2.2186,2.006
-2.1081,1.8823
-2.2063,1.9451
-2.1807,1.8984
-2.3328,2.0051
-2.3699,2.0112
-2.2232,1.8629
-2.2983,1.9013
-2.3252,1.8991
-2.2269,1.7956
-2.3698,1.8864
-2.3683,1.861
-2.4088,1.8684
-2.2852,1.7497
-2.274,1.7186
-2.4142,1.8008
-2.4474,1.8018
-2.4212,1.7591
-2.3977,1.7191
-2.4137,1.7077
-2.5402,1.7734
-2.5191,1.7352
-2.4662,1.6761
-2.5643,1.7192
-2.3725,1.5691
-2.3688,1.5454
-2.4225,1.5588
-2.4817,1.5749
-2.6789,1.6766
-2.4562,1.5158
-2.5583,1.5567
-2.3734,1.4238
-2.5066,1.4824
-2.6292,1.5327
-2.591,1.4887
-2.5382,1.4372
-2.6877,1.4996
-2.5851,1.4212
-2.5611,1.3871
-2.483,1.3247
-2.5329,1.331
-2.5928,1.3417
-2.6573,1.354
-2.7584,1.3837
-2.7463,1.3561
-2.625,1.2758
-2.8208,1.3491
-2.7316,1.2854
-2.6595,1.2311
-2.7241,1.2403
-2.7378,1.2258
-2.717,1.1961
-2.8796,1.2461
-2.7966,1.1894
-2.8058,1.1725
-2.761,1.1335
-2.7679,1.1161
-2.7464,1.0874
-3.0716,1.1939
-2.7445,1.0469
-2.6819,1.0038
-2.8785,1.0568
-2.8712,1.0337
-2.7457,0.96907
-2.9857,1.0327
-2.9742,1.0079
-2.9516,0.97959
-2.8871,0.93806
-2.874,0.91391
-2.9892,0.9299
-2.7559,0.83836
-2.9265,0.87019
-3.0491,0.88583
-2.8982,0.82229
-2.884,0.79871
-2.8084,0.75881
-2.9237,0.7703
-2.8761,0.73847
-2.8405,0.71034
-3.0719,0.74772
-2.8111,0.66556
-2.9792,0.68561
-2.9111,0.6507
-2.846,0.61741
-2.7302,0.57434
-2.8492,0.58071
-3.0538,0.60246
-3.0083,0.57386
-2.9429,0.54226
-2.9222,0.51947
-2.9807,0.51057
-2.6805,0.44184
-3.0079,0.47641
-2.8226,0.4289
-3.0884,0.44944
-3.1083,0.43242
-2.8055,0.37234
-2.9597,0.3739
-2.9957,0.35933
-3.1173,0.35407
-3.0769,0.32992
-3.0126,0.30388
-3.1961,0.30212
-2.8842,0.25436
-3.0914,0.25307
-2.9513,0.22295
-3.0231,0.20927
-2.9743,0.18712
-3.0567,0.17303
-3.0841,0.15516
-2.9354,0.12919
-3.0052,0.11335
-2.9461,0.092584
-3.0822,0.07748
-3.0619,0.057723
-2.9801,0.037451
-2.8656,0.018005
-2.9898,3.6614e-16
-3.0511,-0.019171
-2.9571,-0.037162
-2.955,-0.055708
-2.9896,-0.075153
-3.1986,-0.10052
-2.9169,-0.11002
-3.0432,-0.13393
-2.9512,-0.14847
-2.9961,-0.1696
-2.8523,-0.17945
-2.9378,-0.20337
-3.0089,-0.2273
-2.9662,-0.24283
-3.1522,-0.278
-2.991,-0.28273
-3.027,-0.30533
-3.1471,-0.33744
-3.0184,-0.34284
-2.8753,-0.3449
-2.7718,-0.35016
-3.1364,-0.41626
-2.8665,-0.39878
-2.9587,-0.43057
-3.0745,-0.46717
-2.949,-0.46708
-2.9302,-0.48299
-3.0763,-0.52695
-3.0424,-0.54084
-2.8781,-0.53031
-3.0416,-0.58021
-2.9007,-0.57226
-2.8506,-0.581
-2.984,-0.62774
-3.0384,-0.65915
-3.0652,-0.68514
-3.0491,-0.70169
-3.0284,-0.71701
-3.113,-0.75771
-2.938,-0.73471
-2.9872,-0.76699
-3.0521,-0.80412
-2.9245,-0.7902
-3.0085,-0.8332
-2.8702,-0.81435
-3.0794,-0.89465
-2.7953,-0.83118
-2.8164,-0.85677
-2.8754,-0.8945
-2.9543,-0.93943
-3.0303,-0.98462
-2.8202,-0.93597
-2.6353,-0.89304
-2.8844,-0.99767
-2.9743,-1.0497
-2.8125,-1.0126
-2.8939,-1.0624
-2.7165,-1.0167
-2.8449,-1.0852
-2.8449,-1.1057
-2.7132,-1.0742
-2.832,-1.1419
-2.6635,-1.0935
-2.6087,-1.0902
-2.768,-1.1772
-2.8531,-1.2346
-2.7006,-1.1889
-2.7028,-1.2102
-2.6144,-1.1904
-2.718,-1.2582
-2.6195,-1.2327
-2.6558,-1.2702
-2.7844,-1.3532
-2.6034,-1.2856
-2.8518,-1.4306
-2.7352,-1.3937
-2.7707,-1.4338
-2.6066,-1.3697
-2.6623,-1.4203
-2.7029,-1.4639
-2.6739,-1.47
-2.5804,-1.4398
-2.5221,-1.4281
-2.5963,-1.4917
-2.5955,-1.513
-2.5866,-1.5297
-2.4579,-1.4745
-2.5708,-1.5643
-2.4658,-1.5217
-2.6109,-1.634
-2.5467,-1.6162
-2.6017,-1.6741
-2.5235,-1.6463
-2.4996,-1.6532
-2.3746,-1.5921
-2.4938,-1.6948
-2.4848,-1.7116
-2.3507,-1.6411
-2.5461,-1.8014
-2.4309,-1.7429
-2.4383,-1.7715
-2.5283,-1.8613
-2.4656,-1.8391
-2.4785,-1.8731
-2.2862,-1.7504
-2.3443,-1.8184
-2.2238,-1.7475
-2.2228,-1.7693
-2.2692,-1.8297
-2.1771,-1.7781
-2.211,-1.8291
-2.3669,-1.9833
-2.2038,-1.8703
-2.3626,-2.0308
-2.3258,-2.0247
-2.2395,-1.9744
-2.3906,-2.1345
-2.1482,-1.9424
-2.1468,-1.9658
-1.9932,-1.8483
-2.2288,-2.093
-2.1587,-2.0529
-2.0205,-1.9458
-2.2024,-2.1478
-2.1475,-2.1207
-2.1611,-2.1611
-2.2197,-2.2478
-2.1164,-2.1702
-2.032,-2.11
-2.0922,-2.2001
-2.0167,-2.1476
-2.0632,-2.225
-1.9975,-2.1814
-1.9356,-2.1407
-1.8884,-2.115
-1.9961,-2.2642
-2.1284,-2.445
-1.8905,-2.1995
-1.9061,-2.246
-1.9146,-2.2849
-2.0081,-2.4274
-1.8368,-2.249
-1.9035,-2.3607
-1.8537,-2.3288
-1.7886,-2.2761
-1.9188,-2.4737
-1.8327,-2.3937
-1.7345,-2.2951
-1.6945,-2.2717
-1.7766,-2.4133
-1.7507,-2.4096
-1.7933,-2.5012
-1.6982,-2.4003
-1.6918,-2.4234
-1.7059,-2.4766
-1.713,-2.5207
-1.6582,-2.4733
-1.5859,-2.3978
-1.6665,-2.5544
-1.6168,-2.5127
-1.6003,-2.5216
-1.5455,-2.4694
-1.6178,-2.6215
-1.4851,-2.4406
-1.5139,-2.5235
-1.6438,-2.7795
-1.5503,-2.6594
-1.4106,-2.4551
-1.4987,-2.6467
-1.4339,-2.5699
-1.4389,-2.6173
-1.4373,-2.6538
-1.4142,-2.6508
-1.4125,-2.6881
-1.3692,-2.646
-1.3243,-2.5991
-1.3074,-2.6063
-1.3349,-2.7034
-1.328,-2.7325
-1.314,-2.7474
-1.2728,-2.7049
-1.215,-2.6247
-1.2307,-2.7029
-1.2004,-2.681
-1.1863,-2.6949
-1.1543,-2.6674
-1.1952,-2.8102
-1.1973,-2.865
-1.1413,-2.78
-1.1056,-2.742
-1.0665,-2.6937
-1.1185,-2.8776
-1.0417,-2.7308
-1.0369,-2.7704
-1.0441,-2.8439
-1.0531,-2.9251
-0.96971,-2.7475
-0.96556,-2.7915
-0.94457,-2.7874
-0.90346,-2.7222
-0.89375,-2.7507
-0.90685,-2.8518
-0.86521,-2.7813
-0.89158,-2.9308
-0.86584,-2.9118
-0.83722,-2.8817
-0.82601,-2.9113
-0.79666,-2.8766
-0.75325,-2.7878
-0.75179,-2.8535
-0.70473,-2.7447
-0.76974,-3.0781
-0.72593,-2.9824
-0.68522,-2.8942
-0.65015,-2.8251
-0.6093,-2.7259
-0.60299,-2.7795
-0.61149,-2.9067
-0.57053,-2.7992
-0.61392,-3.1119
-0.55553,-2.9122
-0.54268,-2.9453
-0.52074,-2.9293
-0.48945,-2.8574
-0.48934,-2.9687
-0.47012,-2.9682
-0.46516,-3.0613
-0.42707,-2.9346
-0.40691,-2.9249
-0.38194,-2.8778
-0.37906,-3.0006
-0.37039,-3.0878
-0.34922,-3.0746
-0.29989,-2.7969
-0.30839,-3.0573
-0.27355,-2.8938
-0.28314,-3.2105
-0.23828,-2.9107
-0.2124,-2.8117
-0.21125,-3.0517
-0.19609,-3.1167
-0.16222,-2.8656
-0.14467,-2.8756
-0.13497,-3.0667
-0.11148,-2.9557
-0.093408,-2.9723
-0.073988,-2.9433
-0.055315,-2.9342
-0.036712,-2.9213
-0.01874,-2.9825
-5.5097e-16,-2.9993
0.01835,-2.9205
0.036813,-2.9294
0.056571,-3.0008
0.075208,-2.9918
0.093895,-2.9878
0.11811,-3.1315
0.12935,-2.939
0.14298,-2.8421
0.15595,-2.7549
0.19369,-3.0786
0.21367,-3.0865
0.23088,-3.0563
0.24325,-2.9714
0.26777,-3.0362
0.27512,-2.9105
0.3009,-2.983
0.30162,-2.8131
0.3233,-2.8464
0.34352,-2.8638
0.38512,-3.0486
0.36498,-2.75
0.40483,-2.91
0.42793,-2.9406
0.47192,-3.1058
0.4911,-3.1007
0.4807,-2.9163
0.55569,-3.2441
0.51112,-2.8752
0.57979,-3.1466
0.58012,-3.0411
0.59441,-3.013
0.53383,-2.6192
0.63133,-3.0011
0.64865,-2.99
0.63929,-2.86
0.69193,-3.0066
0.72224,-3.0505
0.72473,-2.9775
0.7286,-2.9136
0.77797,-3.03
0.74907,-2.8432
0.76988,-2.8494
0.83356,-3.0098
0.85738,-3.0219
0.85963,-2.9589
0.84959,-2.8572
0.87209,-2.8668
0.8917,-2.8664
0.89668,-2.8199
0.90755,-2.7931
0.9554,-2.8788
0.90595,-2.6735
0.90639,-2.6204
0.95443,-2.7042
1.0322,-2.8672
1.0293,-2.8037
1.0975,-2.9323
1.0863,-2.8476
1.0686,-2.7494
1.1394,-2.8778
1.1014,-2.7315
1.0611,-2.5847
1.1024,-2.6378
1.2946,-3.0441
1.1051,-2.5538
1.1616,-2.6387
1.2386,-2.7664
1.2388,-2.7209
1.3237,-2.8595
1.25,-2.6565
1.3048,-2.7282
1.2111,-2.492
1.3394,-2.7125
1.3594,-2.7099
1.3326,-2.6153
1.4223,-2.7487
1.4562,-2.7713
1.3367,-2.5055
1.4103,-2.6039
1.357,-2.4683
1.4414,-2.5833
1.4678,-2.5922
1.5171,-2.6405
1.4962,-2.5666
1.5692,-2.6534
1.6179,-2.6968
1.5536,-2.5532
1.4956,-2.4235
1.6122,-2.5761
1.6091,-2.5355
1.6026,-2.4906
1.5955,-2.4456
1.6773,-2.536
1.6827,-2.5098
1.7836,-2.6244
1.7814,-2.5862
1.7782,-2.5471
1.7792,-2.5147
1.7251,-2.406
1.6995,-2.3392
1.7764,-2.413
1.729,-2.318
1.6852,-2.2298
1.9728,-2.5766
1.8718,-2.413
1.91,-2.4307
1.8379,-2.3089
1.9062,-2.3641
1.8616,-2.2793
1.8596,-2.2479
2.0304,-2.4231
1.9707,-2.3221
1.9117,-2.2241
1.9352,-2.223
1.9089,-2.1652
1.97,-2.2064
1.9605,-2.1682
2.1385,-2.3354
2.0411,-2.2011
2.006,-2.1361
2.0681,-2.1747
2.0327,-2.1108
2.0601,-2.1125
2.1675,-2.1949
2.2135,-2.2135
2.0295,-2.0042
2.1158,-2.0633
2.129,-2.0502
2.0652,-1.9639
2.1037,-1.9755
2.1783,-2.02
2.2678,-2.0766
2.1866,-1.9771
2.3257,-2.0765
2.1909,-1.9316
2.2733,-1.9789
2.2379,-1.9235
2.3748,-2.0154
2.3039,-1.9305
2.2941,-1.8979
2.2484,-1.8364
2.3137,-1.8655
2.2151,-1.7632
2.418,-1.9
2.4489,-1.8995
2.3173,-1.7743
2.5181,-1.903
2.3992,-1.7896
2.4802,-1.8259
2.4876,-1.8073
2.5168,-1.8045
2.357,-1.6676
2.5314,-1.7672
2.5168,-1.7336
2.3062,-1.5673
2.5155,-1.6866
2.4217,-1.6016
2.554,-1.6662
2.4579,-1.5816
2.5562,-1.6222
2.6029,-1.629
2.737,-1.6891
2.7123,-1.6504
2.6203,-1.572
2.5386,-1.5013
2.6543,-1.5473
2.689,-1.545
2.6919,-1.5243
2.6199,-1.4618
2.6316,-1.4467
2.5715,-1.3927
2.739,-1.4613
2.6614,-1.3984
2.6953,-1.3947
2.6562,-1.3534
2.8096,-1.4094
2.6642,-1.3156
2.8061,-1.3638
2.5973,-1.2422
2.9325,-1.3799
2.7132,-1.256
2.5805,-1.1749
2.8388,-1.2711
2.9362,-1.2926
2.7024,-1.1694
2.9052,-1.2356
2.8581,-1.1944
2.6981,-1.1077
2.8307,-1.1414
2.8757,-1.1386
2.9086,-1.1305
2.6475,-1.0099
2.8094,-1.0515
2.8814,-1.0579
3.1229,-1.1243
2.9413,-1.0381
2.6654,-0.92192
2.8016,-0.94937
2.9525,-0.97987
2.9191,-0.94846
2.7911,-0.88752
3.0045,-0.93464
2.8402,-0.86401
2.9451,-0.87574
3.0279,-0.8797
2.8261,-0.80185
2.8693,-0.79466
2.9595,-0.79965
2.8577,-0.75289
3.0027,-0.77096
3.0026,-0.75085
2.9683,-0.72249
2.9361,-0.69515
3.0167,-0.69425
2.9738,-0.66473
2.907,-0.63063
2.91,-0.61217
3.0228,-0.61609
2.9433,-0.58065
3.0251,-0.57706
2.9993,-0.55264
3.0972,-0.55058
2.8837,-0.49395
2.8417,-0.46841
2.8693,-0.45446
2.9303,-0.44527
3.1019,-0.45141
3.0839,-0.42902
2.9036,-0.38536
3.1888,-0.40284
2.989,-0.35854
2.9081,-0.33031
2.9354,-0.31474
2.9375,-0.29631
2.9826,-0.28194
2.8708,-0.25318
3.0622,-0.25068
3.0984,-0.23406
2.9278,-0.20268
3.0998,-0.19502
3.1098,-0.17604
3.1052,-0.15622
2.8086,-0.12361
3.0621,-0.11549
3.0748,-0.09663
2.987,-0.075088
2.9582,-0.055768
2.9539,-0.037122
2.898,-0.018209
2.8318,-6.9358e-16
